<?xml version="1.0" encoding="UTF-8" standalone="no"?><transactionSet><segment code="ST"><name>Transaction Set Header</name><element code="143"><name>Transaction Set Identifier Code</name><value>Request for Quotation</value></element><element code="329"><name>Transaction Set Control Number</name><value>15</value></element></segment><segment code="BQT"><name>Beginning Segment for Request for Quotation</name><element code="353"><name>Transaction Set Purpose Code</name><value>Original</value></element><element code="586"><name>Request for Quote Reference Number</name><value>15</value></element><element code="373"><name>Date</name><value>2013-11-19</value></element></segment><segment code="REF"><name>Reference Identification</name><element code="128"><name>Reference Identification Qualifier</name><value>Vendor ID Number</value></element><element code="127"><name>Reference Identification</name><value>980002334</value></element></segment><segment code="PER"><name>Administrative Communications Contact</name><element code="366"><name>Contact Function Code</name><value code="EB">Entered By</value></element><element code="93"><name>Name</name><value>Manish, Inc</value></element></segment><loop code="N1"><segment code="N1"><name>Name</name><element code="98"><name>Entity Identifier Code</name><value code="BY">Buying Party</value></element><element code="93"><name>Name</name><value>Aayush Varma</value></element></segment><segment code="N3"><name>Address Information</name><element code="166"><name>Address Information</name><value/></element></segment><segment code="N4"><name>Geographic Location</name><element code="19"><name>City Name</name><value>Noida</value></element><element code="156"><name>State or Province Code</name><value>null</value></element><element code="116"><name>Postal Code</name><value>1100203</value></element></segment><segment code="N1"><name>Name</name><element code="98"><name>Entity Identifier Code</name><value code="VN">Vendor</value></element><element code="93"><name>Name</name><value>Manish Varma</value></element></segment><segment code="N3"><name>Address Information</name><element code="166"><name>Address Information</name><value/></element></segment><segment code="N4"><name>Geographic Location</name><element code="19"><name>City Name</name><value>Noida</value></element><element code="156"><name>State or Province Code</name><value>null</value></element><element code="116"><name>Postal Code</name><value>110030</value></element></segment></loop><loop code="PO1"><segment code="PO1"><name>Baseline Item Data</name><element code="350"><name>Assigned Identification</name><value>1</value></element><element code="330"><name>Quantity Ordered</name><value>10.0</value></element><element code="355"><name>Unit or Basis for Measurement Code</name><value>DOZ</value></element><element code="235"><name>Product/Service ID Qualifier</name><value code="MG">Manufacturer's Part Number</value></element><element code="234"><name>Product/Service ID</name><value>002</value></element></segment></loop><loop code="PID"><segment code="PID"><name>Product/Item Description</name><element code="349"><name>Item Description Type</name><value code="F">Free-form</value></element><element code="352"><name>Description</name><value>MotherBoards</value></element></segment></loop><segment code="CTT"><name>Transaction Totals</name><element code="354"><name>Number of Line Items</name><value>1</value></element></segment><segment code="SE"><name>Transaction Set Trailer</name><element code="96"><name>Number of Included Segments</name><value>81</value></element><element code="329"><name>Transaction Set Control Number</name><value>15</value></element></segment></transactionSet>